<?xml version="1.0"?>
<doc>
    <assembly>
        <name>OpenActive.FakeDatabase.NET</name>
    </assembly>
    <members>
        <member name="T:OpenActive.FakeDatabase.NET.FakeBookingSystem">
            <summary>
            This class models the database schema within an actual booking system.
            It is designed to simulate the database that woFuld be available in a full implementation.
            </summary>
        </member>
        <member name="T:OpenActive.FakeDatabase.NET.HashExtensions">
            <summary>
            Extension methods for hashing strings and byte arrays
            </summary>
        </member>
        <member name="M:OpenActive.FakeDatabase.NET.HashExtensions.Sha256(System.String)">
            <summary>
            Creates a SHA256 hash of the specified input.
            </summary>
            <param name="input">The input.</param>
            <returns>A hash</returns>
        </member>
        <member name="T:OpenActive.FakeDatabase.NET.FakeDatabaseDeleteOrderResult">
            <summary>
            Result of deleting (or attempting to delete) an Order in a FakeDatabase
            </summary>
        </member>
        <member name="T:OpenActive.FakeDatabase.NET.FakeDatabaseGetOrderResult">
            <summary>
            Result of getting (or attempting to get) an Order in a FakeDatabase
            </summary>
        </member>
        <member name="T:OpenActive.FakeDatabase.NET.FakeDatabaseBookOrderProposalResult">
            <summary>
            Result of booking (or attempting to book) an OrderProposal in a FakeDatabase
            </summary>
        </member>
        <member name="T:OpenActive.FakeDatabase.NET.ReserveOrderItemsResult">
            <summary>
            Result of booking (or attempting to book) an OrderProposal in a FakeDatabase
            </summary>
        </member>
        <member name="M:OpenActive.FakeDatabase.NET.FakeDatabase.CleanupExpiredLeases">
            <summary>
            TODO: Call this on a schedule from both .NET Core and .NET Framework reference implementations
            </summary>
        </member>
        <member name="M:OpenActive.FakeDatabase.NET.FakeDatabase.UpdateFacilityUseName(System.Int64,System.String)">
            <summary>
            Update logistics data for FacilityUse to trigger logistics change notification
            </summary>
            <param name="slotId"></param>
            <param name="newName"></param>
            <returns></returns>
        </member>
        <member name="M:OpenActive.FakeDatabase.NET.FakeDatabase.UpdateFacilitySlotStartAndEndTimeByPeriodInMins(System.Int64,System.Int32)">
            <summary>
            Update logistics data for Slot to trigger logistics change notification
            </summary>
            <param name="slotId"></param>
            <param name="numberOfMins"></param>
            <returns></returns>
        </member>
        <member name="M:OpenActive.FakeDatabase.NET.FakeDatabase.UpdateFacilityUseLocationPlaceId(System.Int64)">
            <summary>
            Update location based logistics data for FacilityUse to trigger logistics change notification
            </summary>
            <param name="slotId"></param>
            <param name="newLat"></param>
            <param name="newLng"></param>
            <returns></returns>
        </member>
        <member name="M:OpenActive.FakeDatabase.NET.FakeDatabase.UpdateClassTitle(System.Int64,System.String)">
            <summary>
            Update name logistics data for SessionSeries to trigger logistics change notification
            </summary>
            <param name="occurrenceId"></param>
            <param name="newTitle"></param>
            <returns></returns>
        </member>
        <member name="M:OpenActive.FakeDatabase.NET.FakeDatabase.UpdateScheduledSessionStartAndEndTimeByPeriodInMins(System.Int64,System.Int32)">
            <summary>
            Update time based logistics data for ScheduledSession to trigger logistics change notification
            </summary>
            <param name="occurrenceId"></param>
            <param name="numberOfMins"></param>
            <returns></returns>
        </member>
        <member name="M:OpenActive.FakeDatabase.NET.FakeDatabase.UpdateSessionSeriesLocationPlaceId(System.Int64)">
            <summary>
            Update location based logistics data for SessionSeries to trigger logistics change notification
            </summary>
            <param name="occurrenceId"></param>
            <param name="newLat"></param>
            <param name="newLng"></param>
            <returns></returns>
        </member>
        <member name="M:OpenActive.FakeDatabase.NET.FakeDatabase.GenerateOpportunitySeedDistribution(System.Int32)">
            <summary>
            Used to generate random data.
            </summary>
        </member>
        <member name="P:OpenActive.FakeDatabase.NET.OrderTable.OrderId">
            Note string type is used for the OrderId instead of Guid type to allow for correct ordering of GUIDs for the RPDE feed
        </member>
    </members>
</doc>
